	Common Settings,	
	.源输出/扫描点数,	100
	.重复次数,	0
	.测量延迟,	0.5
	.测量窗口,	20 ms
	.NPLC,	1
	.渠道,	SMU-1
	..仪器,	My 2636B
	...型号,	2636B
	...序列号,	4540426
	..Source Settings,	
	...模式,	直流
	...源功能,	电流偏置
	...量程,	自动
	...偏置值,	0
	...限值,	5
	..Measure Settings,	
	...电流,	测量值
	...电压,	True
	...量程,	自动
	...最小量程,	0.2
	...电阻,	False
	...功率,	False
	...自动归零,	打开
	..Instrument Settings,	
	...接线端子,	后面板
	...接线方式,	2 线
	...输出关闭,	标准
	...高电容,	False
	.,	
	..仪器,	My 2636B
	...型号,	2636B
	...序列号,	4540426
	..Source Settings,	
	...模式,	直流
	...源功能,	电压扫描
	...源类型,	线性
	...双向扫描,	禁用
	...量程,	最佳适配
	...开始,	0
	...停止,	5
	...步进,	0.0505050505050505
	...限值,	0.1
	..Measure Settings,	
	...电压,	测量值
	...电流,	True
	...量程,	0.1
	...电阻,	False
	...功率,	False
	...自动归零,	一次
	..Instrument Settings,	
	...接线端子,	后面板
	...接线方式,	2 线
	...输出关闭,	标准
	...高电容,	False

"索引","SMU-1 时间 (s)","SMU-1 电流 (A)","SMU-1 电压 (V)"
"1","0","1.59978868802431E-13","-0.628141403198242"
"2","0.520039","1.59263607076715E-13","-0.628155708312988"
"3","1.040078","1.6283988860024E-13","-0.628180265426636"
"4","1.560118","1.52468681668787E-13","-0.628154039382935"
"5","2.080158","1.6307830465797E-13","-0.628166437149048"
"6","2.600197","1.67012210268089E-13","-0.628080606460571"
"7","3.120237","1.6307830465797E-13","-0.628121852874756"
"8","3.640276","1.5830992929327E-13","-0.628118515014648"
"9","4.160315","1.57952305206675E-13","-0.62811017036438"
"10","4.680354","1.56283379250041E-13","-0.628076314926147"
"11","5.200394","1.47819514332952E-13","-0.628101110458374"
"12","5.720433","1.38282777156079E-13","-0.628164052963257"
"13","6.240472","1.37805931488093E-13","-0.628153085708618"
"14","6.760512","1.31249422137894E-13","-0.628123044967651"
"15","7.280552","1.26600268354586E-13","-0.628174304962158"
"16","7.800591","1.32322307950204E-13","-0.628111362457275"
"17","8.320631","1.36375421589188E-13","-0.628094434738159"
"18","8.840671","1.24931328845425E-13","-0.628082275390625"
"19","9.36071","1.29938120267854E-13","-0.628039121627808"
"20","9.88075","1.24454496729966E-13","-0.628005027770996"
"21","10.400789","1.32918348094528E-13","-0.628015756607056"
"22","10.920829","1.2826919431122E-13","-0.628029823303223"
"23","11.440869","1.16586685509727E-13","-0.6280198097229"
"24","11.960908","1.27077100470045E-13","-0.628020286560059"
"25","12.480948","1.2934208012353E-13","-0.628047466278076"
"26","13.000987","1.20520591119846E-13","-0.628012895584106"
"27","13.521026","1.24931328845425E-13","-0.628016948699951"
"28","14.041065","1.3327598573365E-13","-0.627976655960083"
"29","14.561105","1.40666951285902E-13","-0.627977848052979"
"30","15.081145","1.35660173416E-13","-0.627993583679199"
"31","15.601185","1.34825703661419E-13","-0.628029823303223"
"32","16.121225","1.27911570224626E-13","-0.628007650375366"
"33","16.641265","1.27673140614369E-13","-0.627980470657349"
"34","17.161304","1.31011006080164E-13","-0.62797999382019"
"35","17.681343","1.24216080672236E-13","-0.627980709075928"
"36","18.201382","1.23858443033115E-13","-0.62797212600708"
"37","18.721421","1.2719630849891E-13","-0.628029108047485"
"38","19.241461","1.21474268903292E-13","-0.627988815307617"
"39","19.761501","1.22785570773332E-13","-0.628028869628906"
"40","20.28154","1.23023986831061E-13","-0.628014326095581"
"41","20.801579","1.24931328845425E-13","-0.628087043762207"
"42","21.321619","1.25527382542276E-13","-0.627996444702148"
"43","21.841658","1.34229649964568E-13","-0.627999305725098"
"44","22.361697","1.31011006080164E-13","-0.627974510192871"
"45","22.881736","1.2719630849891E-13","-0.627935886383057"
"46","23.401775","1.2826919431122E-13","-0.627934694290161"
"47","23.921815","1.2719630849891E-13","-0.627949953079224"
"48","24.441854","1.30534173964705E-13","-0.627978086471558"
"49","24.961894","1.34706495632554E-13","-0.628021001815796"
"50","25.481934","1.41024588925023E-13","-0.627902269363403"
"51","26.001973","1.41024588925023E-13","-0.627905368804932"
"52","26.522012","1.37805931488093E-13","-0.627890348434448"
"53","27.042052","1.47223474188628E-13","-0.627976655960083"
"54","27.562091","1.47819514332952E-13","-0.62798285484314"
"55","28.082131","1.51634211914206E-13","-0.627992391586304"
"56","28.60217","1.54256815654286E-13","-0.628007411956787"
"57","29.122209","1.51157379798747E-13","-0.627977132797241"
"58","29.642248","1.46865836549506E-13","-0.62800669670105"
"59","30.162288","1.41382213011618E-13","-0.627958297729492"
"60","30.682327","1.48296346448411E-13","-0.627944707870483"
"61","31.202367","1.53064721813111E-13","-0.627962350845337"
"62","31.722407","1.54972077380001E-13","-0.627965927124023"
"63","32.242447","1.5354155392857E-13","-0.62795352935791"
"64","32.762487","1.45792950737196E-13","-0.627953767776489"
"65","33.282526","1.46031380347453E-13","-0.627947807312012"
"66","33.802565","1.49250024231856E-13","-0.627895355224609"
"67","34.322605","1.44124024780562E-13","-0.627900123596191"
"68","34.842645","1.31487838195624E-13","-0.627884864807129"
"69","35.362684","1.39594079026119E-13","-0.627878904342651"
"70","35.882723","1.49726869899842E-13","-0.62783670425415"
"71","36.402762","1.43408776607373E-13","-0.627853155136108"
"72","36.922801","1.41739837098212E-13","-0.627846240997314"
"73","37.44284","1.43766400693968E-13","-0.627832889556885"
"74","37.96288","1.34587287603689E-13","-0.627846956253052"
"75","38.482919","1.32799140065663E-13","-0.627827167510986"
"76","39.002958","1.43885608722832E-13","-0.627858638763428"
"77","39.522998","1.49726869899842E-13","-0.627769470214844"
"78","40.043038","1.45912172318588E-13","-0.627810478210449"
"79","40.563077","1.44600870448548E-13","-0.627807855606079"
"80","41.083117","1.57356251509824E-13","-0.627845525741577"
"81","41.603157","1.54256815654286E-13","-0.627823829650879"
"82","42.123196","1.5592574161092E-13","-0.627890348434448"
"83","42.643236","1.54018399596556E-13","-0.627904176712036"
"84","43.163275","1.41859045127077E-13","-0.627887964248657"
"85","43.683315","1.34110441935703E-13","-0.627874612808228"
"86","44.203354","1.37448307401498E-13","-0.627954006195068"
"87","44.723393","1.37805931488093E-13","-0.627926111221313"
"88","45.243433","1.45077702564007E-13","-0.62795090675354"
"89","45.763472","1.43766400693968E-13","-0.627917051315308"
"90","46.283511","1.40070911141578E-13","-0.627825736999512"
"91","46.803551","1.43051138968252E-13","-0.627806901931763"
"92","47.32359","1.45435326650602E-13","-0.627819299697876"
"93","47.843629","1.47581098275222E-13","-0.627840518951416"
"94","48.363669","1.46865836549506E-13","-0.627810955047607"
"95","48.883708","1.43408776607373E-13","-0.627811670303345"
"96","49.403747","1.44839286506278E-13","-0.627780675888062"
"97","49.923786","1.47342682217493E-13","-0.627789974212646"
"98","50.443826","1.44720078477413E-13","-0.627722024917603"
"99","50.963866","1.45673742708331E-13","-0.627805471420288"
"100","51.483905","1.44720078477413E-13","-0.627784252166748"
